foods,calories,,,,,,,,,,,,,,,,,,,,,,,,,,,,,,,,,,
¶Â­J´ÔÄÑ,474,,,,,,,,,,,,,,,,,,,,,,,,,,,,,,,,,,
Ä¨Û£ÄÑ,453,,,,,,,,,,,,,,,,,,,,,,,,,,,,,,,,,,
Ä¨Û£ÄÑ¥[³J,596,,,,,,,,,,,,,,,,,,,,,,,,,,,,,,,,,,
¶Â­J´ÔÄÑ¥[³J,575,,,,,,,,,,,,,,,,,,,,,,,,,,,,,,,,,,
Âæ¿N¨F¯ùÄÑ¥[³J,617,,,,,,,,,,,,,,,,,,,,,,,,,,,,,,,,,,
®c«OÂû¤BÄÑ¥[³J,505,,,,,,,,,,,,,,,,,,,,,,,,,,,,,,,,,,
¤TªMÂû¤BÄÑ¥[³J,529,,,,,,,,,,,,,,,,,,,,,,,,,,,,,,,,,,
³ÂªoÂûÄÑ¥[³J,560,,,,,,,,,,,,,,,,,,,,,,,,,,,,,,,,,,
Áç¿N·NÄÑ,467,,,,,,,,,,,,,,,,,,,,,,,,,,,,,,,,,,
îÊÂæÄÑ,434,,,,,,,,,,,,,,,,,,,,,,,,,,,,,,,,,,
À_¶»ÄÑ,483,,,,,,,,,,,,,,,,,,,,,,,,,,,,,,,,,,
º^µæ¦×µ·ÄÑ,356,,,,,,,,,,,,,,,,,,,,,,,,,,,,,,,,,,
Âûµ·ÄÑ,335,,,,,,,,,,,,,,,,,,,,,,,,,,,,,,,,,,
½Þ¦×Áç¿NÄÑ,480,,,,,,,,,,,,,,,,,,,,,,,,,,,,,,,,,,
½¼¤¯ª£ÄÑ,620,,,,,,,,,,,,,,,,,,,,,,,,,,,,,,,,,,
¦Ï¦×ÄÑ,715,,,,,,,,,,,,,,,,,,,,,,,,,,,,,,,,,,
­»Û£ÂûÄÑ,373,,,,,,,,,,,,,,,,,,,,,,,,,,,,,,,,,,
¶Ç²Î²DÄÑ,230,,,,,,,,,,,,,,,,,,,,,,,,,,,,,,,,,,
¥|ª«Âû´öÄÑ,396,,,,,,,,,,,,,,,,,,,,,,,,,,,,,,,,,,
¤e¿NÄÑ,301,,,,,,,,,,,,,,,,,,,,,,,,,,,,,,,,,,
¤û¦×ÄÑ,580,,,,,,,,,,,,,,,,,,,,,,,,,,,,,,,,,,
¤j¸z³H¥JÄÑ½u,447,,,,,,,,,,,,,,,,,,,,,,,,,,,,,,,,,,
µ·¥Ê°FÄÑ,388,,,,,,,,,,,,,,,,,,,,,,,,,,,,,,,,,,
¯ó²ù¨Å¹T»æ,304,,,,,,,,,,,,,,,,,,,,,,,,,,,,,,,,,,
¥©§J¤O¨Å¹T»æ,369,,,,,,,,,,,,,,,,,,,,,,,,,,,,,,,,,,
¥¤ªo¨Å¹T»æ,389,,,,,,,,,,,,,,,,,,,,,,,,,,,,,,,,,,
¥¤¶p¨Å¹T»æ,384,,,,,,,,,,,,,,,,,,,,,,,,,,,,,,,,,,
ªá¥Í¨Å¹T»æ,380,,,,,,,,,,,,,,,,,,,,,,,,,,,,,,,,,,
°_¥q°ª¶t¨Å¹T»æ,440,,,,,,,,,,,,,,,,,,,,,,,,,,,,,,,,,,
¤õ»L°ª¶t¨Å¹T»æ,421,,,,,,,,,,,,,,,,,,,,,,,,,,,,,,,,,,
°ö®Ú°ª¶t¨Å¹T»æ,500,,,,,,,,,,,,,,,,,,,,,,,,,,,,,,,,,,
º¡ºÖ°ª¶t¨Å¹T»æ,509,,,,,,,,,,,,,,,,,,,,,,,,,,,,,,,,,,
¼öª¯°ª¶t¨Å¹T»æ,480,,,,,,,,,,,,,,,,,,,,,,,,,,,,,,,,,,
­ì¨ý§ì»æ,398,,,,,,,,,,,,,,,,,,,,,,,,,,,,,,,,,,
½µ³J§ì»æ,479,,,,,,,,,,,,,,,,,,,,,,,,,,,,,,,,,,
°_¥q³J§ì»æ,541,,,,,,,,,,,,,,,,,,,,,,,,,,,,,,,,,,
°ö®Ú³J§ì»æ,538,,,,,,,,,,,,,,,,,,,,,,,,,,,,,,,,,,
¤õ»L³J§ì»æ,521,,,,,,,,,,,,,,,,,,,,,,,,,,,,,,,,,,
½­µæ³J§ì»æ,488,,,,,,,,,,,,,,,,,,,,,,,,,,,,,,,,,,
º¡ºÖ³J§ì»æ,564,,,,,,,,,,,,,,,,,,,,,,,,,,,,,,,,,,
¨½¦Ù³J§ì»æ,561,,,,,,,,,,,,,,,,,,,,,,,,,,,,,,,,,,
ÂC³½ÃP»æ,394,,,,,,,,,,,,,,,,,,,,,,,,,,,,,,,,,,
ÂA¥¤ªoÃP»æ,430,,,,,,,,,,,,,,,,,,,,,,,,,,,,,,,,,,
¸Á»eÃP»æ,438,,,,,,,,,,,,,,,,,,,,,,,,,,,,,,,,,,
ªá¥ÍÃP»æ,565,,,,,,,,,,,,,,,,,,,,,,,,,,,,,,,,,,
¯ó²ùÃP»æ,425,,,,,,,,,,,,,,,,,,,,,,,,,,,,,,,,,,
¦B²N²OÃP»æ,507,,,,,,,,,,,,,,,,,,,,,,,,,,,,,,,,,,
¥©§J¤OÃP»æ,484,,,,,,,,,,,,,,,,,,,,,,,,,,,,,,,,,,
®üÂA©ÜÂÄ,218,,,,,,,,,,,,,,,,,,,,,,,,,,,,,,,,,,
Á`¶×©ÜÂÄ,238,,,,,,,,,,,,,,,,,,,,,,,,,,,,,,,,,,
®L«Â¦i©ÜÂÄ,252,,,,,,,,,,,,,,,,,,,,,,,,,,,,,,,,,,
¯À­¹©ÜÂÄ,195,,,,,,,,,,,,,,,,,,,,,,,,,,,,,,,,,,
ÂtÂû©ÜÂÄ,238,,,,,,,,,,,,,,,,,,,,,,,,,,,,,,,,,,
¤p¼öª¯ /5¤ä,231,,,,,,,,,,,,,,,,,,,,,,,,,,,,,,,,,,
·Î»å /8²É,280,,,,,,,,,,,,,,,,,,,,,,,,,,,,,,,,,,
Á¦±ø,130,,,,,,,,,,,,,,,,,,,,,,,,,,,,,,,,,,
³Á§JÂû¶ô /6¶ô,350,,,,,,,,,,,,,,,,,,,,,,,,,,,,,,,,,,
¯Ü¥ÖÂû±Æ,480,,,,,,,,,,,,,,,,,,,,,,,,,,,,,,,,,,
¥d©ÔÂû±²,560,,,,,,,,,,,,,,,,,,,,,,,,,,,,,,,,,,
°_¥q½Þ±Æ,440,,,,,,,,,,,,,,,,,,,,,,,,,,,,,,,,,,
·ÏÂtÂû¦×±²,322,,,,,,,,,,,,,,,,,,,,,,,,,,,,,,,,,,
¥Íµæ¼öª¯,375,,,,,,,,,,,,,,,,,,,,,,,,,,,,,,,,,,
¤ô»å 10²É,409,,,,,,,,,,,,,,,,,,,,,,,,,,,,,,,,,,
Âû±Æ»\¶º,830,,,,,,,,,,,,,,,,,,,,,,,,,,,,,,,,,,
ªF¬Á¦×»\¶º,891,,,,,,,,,,,,,,,,,,,,,,,,,,,,,,,,,,
½Þ±Æ»\¶º,773,,,,,,,,,,,,,,,,,,,,,,,,,,,,,,,,,,
¤é¦¡½Þ±Æ»\¶º,795,,,,,,,,,,,,,,,,,,,,,,,,,,,,,,,,,,
½Þ¦×Éd¶º,558,,,,,,,,,,,,,,,,,,,,,,,,,,,,,,,,,,
ÂûÉd¶º,773,,,,,,,,,,,,,,,,,,,,,,,,,,,,,,,,,,
¤ûÉd¶º,691,,,,,,,,,,,,,,,,,,,,,,,,,,,,,,,,,,
½Þ¬hÀí¶º,490,,,,,,,,,,,,,,,,,,,,,,,,,,,,,,,,,,
¦Ï¦×Àí¶º,766,,,,,,,,,,,,,,,,,,,,,,,,,,,,,,,,,,
Áú¦¡ªwµæÀí¶º,496,,,,,,,,,,,,,,,,,,,,,,,,,,,,,,,,,,
©@­ùÂûÀí¶º,644,,,,,,,,,,,,,,,,,,,,,,,,,,,,,,,,,,
¨F¯ù½Þ¦×Àí¶º,653,,,,,,,,,,,,,,,,,,,,,,,,,,,,,,,,,,
¿»­XÄªµ«©@­ù¶º,605,,,,,,,,,,,,,,,,,,,,,,,,,,,,,,,,,,
µÔµæ­»­X©@­ù¶º,603,,,,,,,,,,,,,,,,,,,,,,,,,,,,,,,,,,
¤û¦×©@­ù¶º,730,,,,,,,,,,,,,,,,,,,,,,,,,,,,,,,,,,
Âû¦×©@­ù¶º,670,,,,,,,,,,,,,,,,,,,,,,,,,,,,,,,,,,
½­µæ©@­ù,610,,,,,,,,,,,,,,,,,,,,,,,,,,,,,,,,,,
¤é¦¡©@­ùÂA½­,536,,,,,,,,,,,,,,,,,,,,,,,,,,,,,,,,,,
®õ¦¡¬õ©@­ùÂû¦×¶ºThai,590,,,,,,,,,,,,,,,,,,,,,,,,,,,,,,,,,,
®üÂA©@­ù¶º,753,,,,,,,,,,,,,,,,,,,,,,,,,,,,,,,,,,
Áú¦¡¤û¦×©Õ¶º,588,,,,,,,,,,,,,,,,,,,,,,,,,,,,,,,,,,
½­µæ©Õ¶º,523,,,,,,,,,,,,,,,,,,,,,,,,,,,,,,,,,,
®É½­°·±d®MÀ\,559,,,,,,,,,,,,,,,,,,,,,,,,,,,,,,,,,,
«n¥Ê©u¸`ÂA½­¶º,377,,,,,,,,,,,,,,,,,,,,,,,,,,,,,,,,,,
»[ªd¥Õ¦×¯SÀ\,733,,,,,,,,,,,,,,,,,,,,,,,,,,,,,,,,,,
¿»­X¿L¦×¯SÀ\,612,,,,,,,,,,,,,,,,,,,,,,,,,,,,,,,,,,
·à¤lÀY¯SÀ\,887,,,,,,,,,,,,,,,,,,,,,,,,,,,,,,,,,,
¥d©ÔÂû§ÖÀ\,804,,,,,,,,,,,,,,,,,,,,,,,,,,,,,,,,,,
Âûµ·¶º,684,,,,,,,,,,,,,,,,,,,,,,,,,,,,,,,,,,
º±¦×¶º,470,,,,,,,,,,,,,,,,,,,,,,,,,,,,,,,,,,
±±¦×¶º,885,,,,,,,,,,,,,,,,,,,,,,,,,,,,,,,,,,
½Þ¸}¶º,900,,,,,,,,,,,,,,,,,,,,,,,,,,,,,,,,,,
½Þ±Æ¶º,829,,,,,,,,,,,,,,,,,,,,,,,,,,,,,,,,,,
¤û¦×¶º,848,,,,,,,,,,,,,,,,,,,,,,,,,,,,,,,,,,
º±±Æ°©¶º,802,,,,,,,,,,,,,,,,,,,,,,,,,,,,,,,,,,
¥Õ¿NÂû¶º,716,,,,,,,,,,,,,,,,,,,,,,,,,,,,,,,,,,
µL°©Âû±Æ¶º,848,,,,,,,,,,,,,,,,,,,,,,,,,,,,,,,,,,
Âæ¿N½Þ¦×¶º,711,,,,,,,,,,,,,,,,,,,,,,,,,,,,,,,,,,
¨F¯ù½Þ¦×¶º,758,,,,,,,,,,,,,,,,,,,,,,,,,,,,,,,,,,
ªk¦¡­»¯óÂû»L¶º,480,,,,,,,,,,,,,,,,,,,,,,,,,,,,,,,,,,
º±¤jÂû»L¶º,738,,,,,,,,,,,,,,,,,,,,,,,,,,,,,,,,,,
©M­·¿N¦×¶º,584,,,,,,,,,,,,,,,,,,,,,,,,,,,,,,,,,,
ºñ¯ñ°ö®Ú¿L¶º,587,,,,,,,,,,,,,,,,,,,,,,,,,,,,,,,,,,
ºë¿ï³¥Û£¨Å¹T¿L¶º,372,,,,,,,,,,,,,,,,,,,,,,,,,,,,,,,,,,
Á¤¥Ä·Ó¿N½Þ¦×¶º,767,,,,,,,,,,,,,,,,,,,,,,,,,,,,,,,,,,
ªF©Y¦×«K·í,838,,,,,,,,,,,,,,,,,,,,,,,,,,,,,,,,,,
­»¯N¬î¤M³½«K·í,765,,,,,,,,,,,,,,,,,,,,,,,,,,,,,,,,,,
Âû¦×«K·í,753,,,,,,,,,,,,,,,,,,,,,,,,,,,,,,,,,,
Àn¦×«K·í,833,,,,,,,,,,,,,,,,,,,,,,,,,,,,,,,,,,
§m«üÂû»L«K·í,744,,,,,,,,,,,,,,,,,,,,,,,,,,,,,,,,,,
»B»Aª£¶º,745,,,,,,,,,,,,,,,,,,,,,,,,,,,,,,,,,,
ªë¥Ø³½µ°,371,,,,,,,,,,,,,,,,,,,,,,,,,,,,,,,,,,
»¶ª£¦~¿|,418,,,,,,,,,,,,,,,,,,,,,,,,,,,,,,,,,,
©ø¥¬´öÁç,620,,,,,,,,,,,,,,,,,,,,,,,,,,,,,,,,,,
¨ý¼W´öÁç,645,,,,,,,,,,,,,,,,,,,,,,,,,,,,,,,,,,
¯ù,0,,,,,,,,,,,,,,,,,,,,,,,,,,,,,,,,,,
¬e§û¯ù,18,,,,,,,,,,,,,,,,,,,,,,,,,,,,,,,,,,
µâªá¯ù,29,,,,,,,,,,,,,,,,,,,,,,,,,,,,,,,,,,
¬¥¯«¯ù,66,,,,,,,,,,,,,,,,,,,,,,,,,,,,,,,,,,
¸Á»e¯ù¶¼,65,,,,,,,,,,,,,,,,,,,,,,,,,,,,,,,,,,
¬õ,122,,,,,,,,,,,,,,,,,,,,,,,,,,,,,,,,,,
ªüÂÄ©i¬õ¯ù,170,,,,,,,,,,,,,,,,,,,,,,,,,,,,,,,,,,
­[­»ºñ¯ù,140,,,,,,,,,,,,,,,,,,,,,,,,,,,,,,,,,,
¦h¦hºñ¯ù,207,,,,,,,,,,,,,,,,,,,,,,,,,,,,,,,,,,
¦Ê­»ºñ¯ù,203,,,,,,,,,,,,,,,,,,,,,,,,,,,,,,,,,,
¸²µå¬cºñ¯ù,173,,,,,,,,,,,,,,,,,,,,,,,,,,,,,,,,,,
¥¤¯ù,210,,,,,,,,,,,,,,,,,,,,,,,,,,,,,,,,,,
¾i¼Ö¦hºñ,192,,,,,,,,,,,,,,,,,,,,,,,,,,,,,,,,,,
¯S½ÕÂA¥¤¯ù,256,,,,,,,,,,,,,,,,,,,,,,,,,,,,,,,,,,
­[­»¥¤¯ù,246,,,,,,,,,,,,,,,,,,,,,,,,,,,,,,,,,,
¬Ã¯]¥¤¯ù,365,,,,,,,,,,,,,,,,,,,,,,,,,,,,,,,,,,
¯S½ÕÂA¥¤ºñ,206,,,,,,,,,,,,,,,,,,,,,,,,,,,,,,,,,,
¤j¦NÀ­ÂA¥¤¯ù,195,,,,,,,,,,,,,,,,,,,,,,,,,,,,,,,,,,
¸Á»eÂfÂc¯ù,213,,,,,,,,,,,,,,,,,,,,,,,,,,,,,,,,,,
¸Á»e¬c¤l¯ù,207,,,,,,,,,,,,,,,,,,,,,,,,,,,,,,,,,,
±öªGºñ¯ù,220,,,,,,,,,,,,,,,,,,,,,,,,,,,,,,,,,,
¬ü¦¡©@°Ø,0,,,,,,,,,,,,,,,,,,,,,,,,,,,,,,,,,,
¸q¦¡¿@ÁY©@°Ø,45,,,,,,,,,,,,,,,,,,,,,,,,,,,,,,,,,,
¼ö©@°Ø,421,,,,,,,,,,,,,,,,,,,,,,,,,,,,,,,,,,
¦B©@°Ø,502,,,,,,,,,,,,,,,,,,,,,,,,,,,,,,,,,,
¼ö¥d¥¬©_¿Õ,270,,,,,,,,,,,,,,,,,,,,,,,,,,,,,,,,,,
¼öºû¤]¯Ç©@°Ø,289,,,,,,,,,,,,,,,,,,,,,,,,,,,,,,,,,,
¦Bºû¤]¯Ç©@°Ø,435,,,,,,,,,,,,,,,,,,,,,,,,,,,,,,,,,,
´£©Ô¦ÌÄ¬/®³ÅK,292,,,,,,,,,,,,,,,,,,,,,,,,,,,,,,,,,,
¦B®³ÅK,379,,,,,,,,,,,,,,,,,,,,,,,,,,,,,,,,,,
¦B²N²O©@°Ø,422,,,,,,,,,,,,,,,,,,,,,,,,,,,,,,,,,,
¦B¼¯¥d¥©§J¤O,469,,,,,,,,,,,,,,,,,,,,,,,,,,,,,,,,,,
¸q¦¡­»¿@¥i¥i,205,,,,,,,,,,,,,,,,,,,,,,,,,,,,,,,,,,
¸q¦¡­»¿@¥i¥i,172,,,,,,,,,,,,,,,,,,,,,,,,,,,,,,,,,,
¸q¦¡¼¯¥d¥©§J¤O,402,,,,,,,,,,,,,,,,,,,,,,,,,,,,,,,,,,
©Ù¯ù¤û¥¤,138,,,,,,,,,,,,,,,,,,,,,,,,,,,,,,,,,,
¥i¥i¤û¥¤,208,,,,,,,,,,,,,,,,,,,,,,,,,,,,,,,,,,
¥i¤f¥i¼Ö,81,,,,,,,,,,,,,,,,,,,,,,,,,,,,,,,,,,
³·ºÑ,92,,,,,,,,,,,,,,,,,,,,,,,,,,,,,,,,,,
©Ù¯ù¦B²N²O,96,,,,,,,,,,,,,,,,,,,,,,,,,,,,,,,,,,
­»¯ó¦B²N²O,100,,,,,,,,,,,,,,,,,,,,,,,,,,,,,,,,,,
¨§¼ß,209,,,,,,,,,,,,,,,,,,,,,,,,,,,,,,,,,,
¥i¼Ö,255,,,,,,,,,,,,,,,,,,,,,,,,,,,,,,,,,,
¬h¾í¥Ä,250,,,,,,,,,,,,,,,,,,,,,,,,,,,,,,,,,,
Ä«ªG¦h¦h,204,,,,,,,,,,,,,,,,,,,,,,,,,,,,,,,,,,
°^¤Y´ö,187,,,,,,,,,,,,,,,,,,,,,,,,,,,,,,,,,,
À_¶»´ö,211,,,,,,,,,,,,,,,,,,,,,,,,,,,,,,,,,,
¥É¦Ì¿@´ö,116,,,,,,,,,,,,,,,,,,,,,,,,,,,,,,,,,,
»Ä»¶´ö,68,,,,,,,,,,,,,,,,,,,,,,,,,,,,,,,,,,
¬õ¿N´ö,253,,,,,,,,,,,,,,,,,,,,,,,,,,,,,,,,,,
©M­·¸q¤j§QÄÑ,711,,,,,,,,,,,,,,,,,,,,,,,,,,,,,,,,,,
²Mª£õl³½¾ñÆV­·°®µf­X¸q¤j§QÄÑ,754,,,,,,,,,,,,,,,,,,,,,,,,,,,,,,,,,,
­X¥ÄÂû¦×¸q¤j§QÄÑ,608,,,,,,,,,,,,,,,,,,,,,,,,,,,,,,,,,,
­ì¥Ä¾¥³½®üÂA¸q¤j§QÄÑ,690,,,,,,,,,,,,,,,,,,,,,,,,,,,,,,,,,,
³¥µæÂA½­¸q¤j§QÄÑ,625,,,,,,,,,,,,,,,,,,,,,,,,,,,,,,,,,,
¸q¦¡»[»¶°ö®ÚÄÑ,675,,,,,,,,,,,,,,,,,,,,,,,,,,,,,,,,,,
¥¤ªo°ö®Ú¸q¤j§QÄÑ,591,,,,,,,,,,,,,,,,,,,,,,,,,,,,,,,,,,
ÂA³½¸q¤j§QÄÑ,468,,,,,,,,,,,,,,,,,,,,,,,,,,,,,,,,,,
º¡ºÖ³J³ù,677,,,,,,,,,,,,,,,,,,,,,,,,,,,,,,,,,,
­»Âû³J³ù,743,,,,,,,,,,,,,,,,,,,,,,,,,,,,,,,,,,
ÂC³½³J³ù,669,,,,,,,,,,,,,,,,,,,,,,,,,,,,,,,,,,
·ÏÂtÂû¦×³J³ù,612,,,,,,,,,,,,,,,,,,,,,,,,,,,,,,,,,,
ªáªK³J³ù,661,,,,,,,,,,,,,,,,,,,,,,,,,,,,,,,,,,
¨½¦Ù½Þ±Æ³J³ù,656,,,,,,,,,,,,,,,,,,,,,,,,,,,,,,,,,,
ÂA½¼³J³ù,607,,,,,,,,,,,,,,,,,,,,,,,,,,,,,,,,,,
·Ó¿N½Þ¦×³J³ù,659,,,,,,,,,,,,,,,,,,,,,,,,,,,,,,,,,,
Á`¶×º~³ù,745,,,,,,,,,,,,,,,,,,,,,,,,,,,,,,,,,,
¯Ü¥ÖÂû±Æ³J³ù,748,,,,,,,,,,,,,,,,,,,,,,,,,,,,,,,,,,
ÂÅ±a°_¥q½Þ±Æ³J³ù,697,,,,,,,,,,,,,,,,,,,,,,,,,,,,,,,,,,
¶W«p¤û¦×°_¥q³J³ù,797,,,,,,,,,,,,,,,,,,,,,,,,,,,,,,,,,,
¯N·Î³J¤T©úªv,386,,,,,,,,,,,,,,,,,,,,,,,,,,,,,,,,,,
¤õ»L³J¤T©úªv,472,,,,,,,,,,,,,,,,,,,,,,,,,,,,,,,,,,
°_¥q³J¤T©úªv,494,,,,,,,,,,,,,,,,,,,,,,,,,,,,,,,,,,
°ö®Ú³J¤T©úªv,553,,,,,,,,,,,,,,,,,,,,,,,,,,,,,,,,,,
Á¦»æ³J¤T©úªv,529,,,,,,,,,,,,,,,,,,,,,,,,,,,,,,,,,,
ÂC³½³J¤T©úªv,554,,,,,,,,,,,,,,,,,,,,,,,,,,,,,,,,,,
¨½¦Ù³J¤T©úªv,514,,,,,,,,,,,,,,,,,,,,,,,,,,,,,,,,,,
·Ó¿N½Þ¦×³J¤T©úªv,519,,,,,,,,,,,,,,,,,,,,,,,,,,,,,,,,,,
¯Ü¥ÖÂû±Æ³J¤T©úªv,638,,,,,,,,,,,,,,,,,,,,,,,,,,,,,,,,,,
½Þ±ÆÁ`¶×¤T©úªv,850,,,,,,,,,,,,,,,,,,,,,,,,,,,,,,,,,,
®ü³°Á`¶×¤T©úªv,881,,,,,,,,,,,,,,,,,,,,,,,,,,,,,,,,,,
¶Â­J´Ô¤û¦×¤T©úªv,369,,,,,,,,,,,,,,,,,,,,,,,,,,,,,,,,,,
­ì¨ý³J»æ,236,,,,,,,,,,,,,,,,,,,,,,,,,,,,,,,,,,
¤E¼h¶ð³J»æ,239,,,,,,,,,,,,,,,,,,,,,,,,,,,,,,,,,,
°_¥q³J»æ,300,,,,,,,,,,,,,,,,,,,,,,,,,,,,,,,,,,
°ö®Ú³J»æ,298,,,,,,,,,,,,,,,,,,,,,,,,,,,,,,,,,,
¤õ»L³J»æ,281,,,,,,,,,,,,,,,,,,,,,,,,,,,,,,,,,,
¼öª¯³J»æ,329,,,,,,,,,,,,,,,,,,,,,,,,,,,,,,,,,,
½­µæ³J»æ,248,,,,,,,,,,,,,,,,,,,,,,,,,,,,,,,,,,
º¡ºÖ³J»æ,324,,,,,,,,,,,,,,,,,,,,,,,,,,,,,,,,,,
ÂC³½³J»æ,392,,,,,,,,,,,,,,,,,,,,,,,,,,,,,,,,,,
¨½¦Ù³J»æ,320,,,,,,,,,,,,,,,,,,,,,,,,,,,,,,,,,,
­»¯NÂû¦×³ù,320,,,,,,,,,,,,,,,,,,,,,,,,,,,,,,,,,,
¿N¯N¤û¦×³ù,320,,,,,,,,,,,,,,,,,,,,,,,,,,,,,,,,,,
¤õ»L³ù,290,,,,,,,,,,,,,,,,,,,,,,,,,,,,,,,,,,
¤õÂû¯Ý¦×³ù,280,,,,,,,,,,,,,,,,,,,,,,,,,,,,,,,,,,
¸q¤j§Q¸g¨å³ù,450,,,,,,,,,,,,,,,,,,,,,,,,,,,,,,,,,,
ÂC³½³ù,450,,,,,,,,,,,,,,,,,,,,,,,,,,,,,,,,,,
½­µæ³ù,230,,,,,,,,,,,,,,,,,,,,,,,,,,,,,,,,,,
¤õÂû¤õ»L³ù,290,,,,,,,,,,,,,,,,,,,,,,,,,,,,,,,,,,
ªiÅÚÄÑ¥],185,,,,,,,,,,,,,,,,,,,,,,,,,,,,,,,,,,
¬õ¨§ÄÑ¥],264,,,,,,,,,,,,,,,,,,,,,,,,,,,,,,,,,,
¥¤¶pÄÑ¥],265,,,,,,,,,,,,,,,,,,,,,,,,,,,,,,,,,,
¥þ³Á®Ö®çÄÑ¥],352,,,,,,,,,,,,,,,,,,,,,,,,,,,,,,,,,,
¯ó²ùÄÑ¥],225,,,,,,,,,,,,,,,,,,,,,,,,,,,,,,,,,,
­»»[ÄÑ¥],506,,,,,,,,,,,,,,,,,,,,,,,,,,,,,,,,,,
·¦¤lÄÑ¥],226,,,,,,,,,,,,,,,,,,,,,,,,,,,,,,,,,,
¦R¥q,70,,,,,,,,,,,,,,,,,,,,,,,,,,,,,,,,,,
¤pÀ\¥],70,,,,,,,,,,,,,,,,,,,,,,,,,,,,,,,,,,
¨©ªG,250,,,,,,,,,,,,,,,,,,,,,,,,,,,,,,,,,,
°_¥q¨©ªG,280,,,,,,,,,,,,,,,,,,,,,,,,,,,,,,,,,,
ÅÚ½³¿|/2¤ù,214,,,,,,,,,,,,,,,,,,,,,,,,,,,,,,,,,,
Á¦»æ /2¤ù,99,,,,,,,,,,,,,,,,,,,,,,,,,,,,,,,,,,
µµ¦Ì¶ºÄ{,317,,,,,,,,,,,,,,,,,,,,,,,,,,,,,,,,,,
,,,,,,,,,,,,,,,,,,,,,,,,,,,,,,,,,,,
,,,,,,,,,,,,,,,,,,,,,,,,,,,,,,,,,,,
,,,,,,,,,,,,,,,,,,,,,,,,,,,,,,,,,,,
,,,,,,,,,,,,,,,,,,,,,,,,,,,,,,,,,,,
,,,,,,,,,,,,,,,,,,,,,,,,,,,,,,,,,,,
,,,,,,,,,,,,,,,,,,,,,,,,,,,,,,,,,,,
,,,,,,,,,,,,,,,,,,,,,,,,,,,,,,,,,,,
,,,,,,,,,,,,,,,,,,,,,,,,,,,,,,,,,,,
,,,,,,,,,,,,,,,,,,,,,,,,,,,,,,,,,,,
,,,,,,,,,,,,,,,,,,,,,,,,,,,,,,,,,,,
,,,,,,,,,,,,,,,,,,,,,,,,,,,,,,,,,,,
,,,,,,,,,,,,,,,,,,,,,,,,,,,,,,,,,,,
,,,,,,,,,,,,,,,,,,,,,,,,,,,,,,,,,,,
,,,,,,,,,,,,,,,,,,,,,,,,,,,,,,,,,,,
,,,,,,,,,,,,,,,,,,,,,,,,,,,,,,,,,,,
,,,,,,,,,,,,,,,,,,,,,,,,,,,,,,,,,,,
,,,,,,,,,,,,,,,,,,,,,,,,,,,,,,,,,,,
,,,,,,,,,,,,,,,,,,,,,,,,,,,,,,,,,,,
,,,,,,,,,,,,,,,,,,,,,,,,,,,,,,,,,,,
,,,,,,,,,,,,,,,,,,,,,,,,,,,,,,,,,,,
,,,,,,,,,,,,,,,,,,,,,,,,,,,,,,,,,,,
,,,,,,,,,,,,,,,,,,,,,,,,,,,,,,,,,,,
,,,,,,,,,,,,,,,,,,,,,,,,,,,,,,,,,,,
,,,,,,,,,,,,,,,,,,,,,,,,,,,,,,,,,,,
,,,,,,,,,,,,,,,,,,,,,,,,,,,,,,,,,,,
,,,,,,,,,,,,,,,,,,,,,,,,,,,,,,,,,,,
,,,,,,,,,,,,,,,,,,,,,,,,,,,,,,,,,,,
,,,,,,,,,,,,,,,,,,,,,,,,,,,,,,,,,,,
,,,,,,,,,,,,,,,,,,,,,,,,,,,,,,,,,,,
,,,,,,,,,,,,,,,,,,,,,,,,,,,,,,,,,,,
,,,,,,,,,,,,,,,,,,,,,,,,,,,,,,,,,,,
,,,,,,,,,,,,,,,,,,,,,,,,,,,,,,,,,,,
,,,,,,,,,,,,,,,,,,,,,,,,,,,,,,,,,,,
,,,,,,,,,,,,,,,,,,,,,,,,,,,,,,,,,,,
,,,,,,,,,,,,,,,,,,,,,,,,,,,,,,,,,,,
,,,,,,,,,,,,,,,,,,,,,,,,,,,,,,,,,,,
,,,,,,,,,,,,,,,,,,,,,,,,,,,,,,,,,,,
,,,,,,,,,,,,,,,,,,,,,,,,,,,,,,,,,,,
,,,,,,,,,,,,,,,,,,,,,,,,,,,,,,,,,,,
,,,,,,,,,,,,,,,,,,,,,,,,,,,,,,,,,,,
,,,,,,,,,,,,,,,,,,,,,,,,,,,,,,,,,,,
,,,,,,,,,,,,,,,,,,,,,,,,,,,,,,,,,,,
,,,,,,,,,,,,,,,,,,,,,,,,,,,,,,,,,,,
,,,,,,,,,,,,,,,,,,,,,,,,,,,,,,,,,,,
,,,,,,,,,,,,,,,,,,,,,,,,,,,,,,,,,,,
,,,,,,,,,,,,,,,,,,,,,,,,,,,,,,,,,,,
,,,,,,,,,,,,,,,,,,,,,,,,,,,,,,,,,,,
,,,,,,,,,,,,,,,,,,,,,,,,,,,,,,,,,,,
,,,,,,,,,,,,,,,,,,,,,,,,,,,,,,,,,,,
,,,,,,,,,,,,,,,,,,,,,,,,,,,,,,,,,,,
,,,,,,,,,,,,,,,,,,,,,,,,,,,,,,,,,,,
,,,,,,,,,,,,,,,,,,,,,,,,,,,,,,,,,,,
,,,,,,,,,,,,,,,,,,,,,,,,,,,,,,,,,,,
,,,,,,,,,,,,,,,,,,,,,,,,,,,,,,,,,,,
,,,,,,,,,,,,,,,,,,,,,,,,,,,,,,,,,,,
,,,,,,,,,,,,,,,,,,,,,,,,,,,,,,,,,,,
,,,,,,,,,,,,,,,,,,,,,,,,,,,,,,,,,,,
,,,,,,,,,,,,,,,,,,,,,,,,,,,,,,,,,,,
,,,,,,,,,,,,,,,,,,,,,,,,,,,,,,,,,,,
,,,,,,,,,,,,,,,,,,,,,,,,,,,,,,,,,,,
,,,,,,,,,,,,,,,,,,,,,,,,,,,,,,,,,,,
,,,,,,,,,,,,,,,,,,,,,,,,,,,,,,,,,,,
,,,,,,,,,,,,,,,,,,,,,,,,,,,,,,,,,,,
,,,,,,,,,,,,,,,,,,,,,,,,,,,,,,,,,,,
,,,,,,,,,,,,,,,,,,,,,,,,,,,,,,,,,,,
,,,,,,,,,,,,,,,,,,,,,,,,,,,,,,,,,,,
,,,,,,,,,,,,,,,,,,,,,,,,,,,,,,,,,,,
,,,,,,,,,,,,,,,,,,,,,,,,,,,,,,,,,,,
,,,,,,,,,,,,,,,,,,,,,,,,,,,,,,,,,,,
,,,,,,,,,,,,,,,,,,,,,,,,,,,,,,,,,,,
,,,,,,,,,,,,,,,,,,,,,,,,,,,,,,,,,,,
,,,,,,,,,,,,,,,,,,,,,,,,,,,,,,,,,,,
,,,,,,,,,,,,,,,,,,,,,,,,,,,,,,,,,,,
,,,,,,,,,,,,,,,,,,,,,,,,,,,,,,,,,,,
,,,,,,,,,,,,,,,,,,,,,,,,,,,,,,,,,,,
,,,,,,,,,,,,,,,,,,,,,,,,,,,,,,,,,,,
,,,,,,,,,,,,,,,,,,,,,,,,,,,,,,,,,,,
,,,,,,,,,,,,,,,,,,,,,,,,,,,,,,,,,,,
,,,,,,,,,,,,,,,,,,,,,,,,,,,,,,,,,,,
,,,,,,,,,,,,,,,,,,,,,,,,,,,,,,,,,,,
,,,,,,,,,,,,,,,,,,,,,,,,,,,,,,,,,,,
,,,,,,,,,,,,,,,,,,,,,,,,,,,,,,,,,,,
,,,,,,,,,,,,,,,,,,,,,,,,,,,,,,,,,,,
